Uploaded_variation	SWISSPROT	REF_ALLELE	Allele	Consequence	Protein_position	Amino_acids	CLIN_SIG	gnomADg_AF	CANONICAL
NC_000006.12:g.43505785T>A	Q5JTD0.148	T	A	missense_variant	535	M/K	-	-	YES
NC_000017.11:g.45287299C>A	Q99558.209	C	A	missense_variant	131	R/L	-	-	YES
NC_000018.10:g.13884651T>C	Q01718.193	T	C	missense_variant	290	M/V	-	-	YES
NC_000004.12:g.8587175C>T	Q96P69.144	C	T	missense_variant	302	R/C	-	4.598e-05	YES
NC_000005.10:g.131960620G>A	Q9UKU0.189	G	A	missense_variant,splice_region_variant	620	A/V	-	6.57e-06	YES
NC_000001.11:g.226881956C>T	P49810.226	C	T	missense_variant	17	R/W	uncertain_significance	1.314e-05	YES
NC_000003.12:g.10249423C>G	Q93075.169	C	G	missense_variant	75	R/G	-	-	YES
NC_000022.11:g.40266016A>C	Q9UPQ9.180	A	C	missense_variant	596	T/P	-	1.314e-05	YES
NC_000012.12:g.10073402C>T	Q8NC01.150	C	T	missense_variant	185	A/T	-	0.002695	YES
NC_000006.12:g.57141339C>T	Q9Y4E5.187	C	T	missense_variant	247	P/L	-	-	YES
NC_000016.10:g.30711956C>G	Q6ZRS2.161	C	G	missense_variant	538	S/R	uncertain_significance	-	YES
NC_000016.10:g.11967615G>C	Q02223.201	G	C	missense_variant	108	R/T	-	-	YES
NC_000011.10:g.102114342C>T	P46937.215	C	T	missense_variant	174	P/S	-	-	YES
NC_000010.11:g.49516715C>A	P0DP91.27	C	A	missense_variant	602	D/Y	-	6.574e-06	-
CHR_HSCHR6_MHC_MCF_CTG1:g.33114225T>C	P04440.194	T	C	missense_variant	65	V/A	-	-	YES
NC_000007.14:g.101215963T>C	O60568.195	T	C	missense_variant	187	D/G	not_provided,uncertain_significance	6.581e-06	YES
NC_000010.11:g.86923502A>G	P36894.240	A	G	missense_variant	490	D/G	uncertain_significance	-	YES
NC_000001.11:g.13513542G>A	Q5VT99.142	G	A	missense_variant	18	L/F	-	6.645e-06	YES
NC_000010.11:g.122637304T>A	Q9UGM3.191	T	A	missense_variant	2312	F/I	-	-	YES
NC_000006.12:g.43505745C>T	Q5JTD0.148	C	T	missense_variant	522	L/F	-	1.314e-05	YES
NC_000003.12:g.130975425A>G	P98194.219	A	G	missense_variant	503	T/A	-	6.57e-06	YES
NC_000002.12:g.178714002C>T	-	C	T	missense_variant	8886	G/S	uncertain_significance	-	YES
NC_000006.12:g.52033087C>T	P08F94.104	C	T	missense_variant	1103	V/I	-	-	YES
NC_000001.11:g.40462789C>A	Q9UJL9.173	C	A	missense_variant	269	H/N	-	-	YES
NC_000002.12:g.27442427T>G	Q53RY4.120	T	G	missense_variant	5	S/R	-	-	YES
NC_000019.10:g.1465631G>A	O95996.167	G	A	missense_variant	777	C/Y	-	-	YES
NC_000001.11:g.9039940C>T	P22732.209	C	T	missense_variant	249	E/K	-	1.971e-05	YES
NC_000015.10:g.33724156C>T	Q15413.202	C	T	missense_variant	2298	R/C	-	-	YES
NC_000023.11:g.154896171A>G	P00451.265	A	G	missense_variant	2112	F/S	-	-	YES
NC_000001.11:g.155826983G>A	Q3T8J9.149	G	A	missense_variant	184	S/L	-	1.971e-05	YES
NC_000002.12:g.148690320A>G	Q52LR7.127	A	G	missense_variant	87	N/S	-	6.569e-06	YES
NC_000012.12:g.51355932G>T	Q8NCL4.155	G	T	missense_variant	543	D/E	-	6.574e-06	YES
CHR_HSCHR6_MHC_MANN_CTG1:g.31703614G>C	O95872.172	G	C	missense_variant	107	R/G	-	-	YES
NC_000020.11:g.41203374G>A	Q9H4I2.185	G	A	missense_variant	515	R/W	-	-	YES
NC_000003.12:g.98133236A>T	A6NKK0.112	A	T	missense_variant	180	D/V	-	-	YES
NC_000005.10:g.36152880G>A	Q13309.213	G	A	missense_variant	40	A/T	-	-	YES
NC_000007.14:g.43541975G>A	Q76N89.153	G	A	missense_variant	1409	V/I	-	6.57e-06	YES
NC_000014.9:g.73211865A>C	P49768.246	A	C	missense_variant	351	H/P	-	-	YES
CHR_HSCHR16_5_CTG3_1:g.75170057A>G	Q6P2D0.160	A	G	missense_variant	316	K/R	-	-	YES
NC_000009.12:g.120826770A>T	Q16401.192	A	T	missense_variant	270	L/Q	-	-	YES
NC_000002.12:g.37126401C>A	P19525.243	C	A	missense_variant	266	D/Y	-	-	YES
NC_000012.12:g.107751584T>G	Q9UKN5.188	T	G	missense_variant	319	E/D	-	-	YES
NC_000019.10:g.12758012C>G	Q8NFU1.153	C	G	missense_variant	489	P/A	-	-	YES
NC_000011.10:g.66592106G>A	Q9NVE4.122	G	A	missense_variant	304	P/S	-	6.569e-06	YES
NC_000002.12:g.127421382G>A	P04070.260	G	A	missense_variant	57	R/Q	-	6.568e-06	YES
NC_000019.10:g.7618005G>C	Q9P1Y5.167	G	C	missense_variant	1233	W/S	-	-	YES
NC_000023.11:g.154362495C>T	P21333.261	C	T	missense_variant	830	D/N	-	-	YES
NC_000001.11:g.45345914C>A	Q96S53.182	C	A	missense_variant	320	E/D	-	2.629e-05	YES
NC_000019.10:g.45012041T>G	Q01201.204	T	G	missense_variant	90	L/R	-	-	YES
NC_000005.10:g.128393189C>G	P35556.219	C	G	missense_variant	471	V/L	uncertain_significance	-	YES
NC_000001.11:g.26762277A>G	O14497.214	A	G	missense_variant	793	M/V	-	-	YES
NC_000003.12:g.112471341A>G	Q7Z6A9.155	A	G	missense_variant	140	S/P	-	6.574e-06	YES
NC_000003.12:g.9734465C>T	P55201.196	C	T	missense_variant	109	R/C	-	-	YES
NC_000010.11:g.114221465A>C	-	A	C	missense_variant	960	K/T	-	-	YES
NC_000009.12:g.21239643G>A	P01570.198	G	A	missense_variant	98	A/V	-	0.0002169	YES
NC_000022.11:g.38984209A>T	Q9UH17.175	A	T	missense_variant	51	D/V	-	-	YES
NC_000018.10:g.79899778G>A	Q9UJ96.161	G	A	missense_variant	455	D/N	-	-	YES
NC_000012.12:g.122990665C>T	Q9BZ72.143	C	T	missense_variant	817	A/T	-	1.971e-05	YES
NC_000001.11:g.109924056A>T	P09603.221	A	T	missense_variant	479	T/S	-	1.314e-05	YES
NC_000011.10:g.5508919G>A	Q9H347.159	G	A	missense_variant	214	P/S	-	-	YES
CHR_HSCHR19KIR_G248_BA2_HAP_CTG3_1:g.54760027T>C	P43627.180	T	C	missense_variant	155	Y/H	-	-	YES
NC_000012.12:g.6672387C>T	-	C	T	missense_variant	384	A/T	-	-	YES
CHR_HSCHR21_4_CTG1_1:g.33498206C>T	Q9NX36.153	C	T	missense_variant	249	D/N	-	-	YES
NC_000002.12:g.74536012G>T	P58215.178	G	T	missense_variant	411	T/N	uncertain_significance	6.571e-06	YES
NC_000012.12:g.119102303C>G	A7MD48.102	C	G	missense_variant	67	L/V	-	-	YES
NC_000016.10:g.85654822C>T	Q14687.144	C	T	missense_variant	210	P/S	-	-	YES
NC_000021.9:g.41992370C>T	Q9ULJ3.196	C	T	missense_variant	576	A/T	-	6.572e-06	YES
NC_000023.11:g.129576421G>T	Q01968.223	G	T	missense_variant	662	D/Y	-	-	YES
NC_000008.11:g.144314036A>G	Q00613.208	A	G	missense_variant	456	N/D	-	0.0001351	YES
NC_000021.9:g.37087322A>G	-	A	G	missense_variant	22	H/R	-	-	YES
NC_000002.12:g.165323345C>T	Q99250.218	C	T	missense_variant	621	R/C	uncertain_significance	-	YES
NC_000005.10:g.40681240G>A	P35408.194	G	A	missense_variant	83	G/S	-	-	YES
CHR_HSCHR19KIR_FH05_A_HAP_CTG3_1:g.54804937G>T	Q99706.195	G	T	missense_variant	67	G/V	-	-	YES
NC_000001.11:g.169836945T>A	Q9NSG2.145	T	A	missense_variant	520	F/I	-	6.568e-06	YES
NC_000019.10:g.49539156A>G	Q96D15.164	A	G	missense_variant	219	Y/C	-	3.289e-05	YES
NC_000011.10:g.44264876G>C	Q9H161.190	G	C	missense_variant	405	A/G	-	6.568e-06	YES
CHR_HSCHR6_MHC_MANN_CTG1:g.30602015C>T	P79522.161	C	T	missense_variant	12	P/L	-	-	YES
NC_000014.9:g.35053287G>A	Q8N128.136	G	A	missense_variant	59	E/K	-	-	YES
NC_000002.12:g.172061621C>T	Q6UB28.140	C	T	missense_variant	55	P/L	-	3.288e-05	YES
NC_000009.12:g.34514398C>G	Q9UI46.175	C	G	missense_variant	525	S/C	-	3.285e-05	YES
NC_000020.11:g.391525G>A	Q96RU7.189	G	A	missense_variant	177	G/D	-	-	YES
NC_000001.11:g.77063073G>A	Q9BVH7.162	G	A	missense_variant	293	S/N	-	-	YES
NC_000009.12:g.100321689G>C	Q9NXF1.178	G	C	missense_variant	688	L/V	-	1.315e-05	YES
NC_000016.10:g.88655282G>A	P53602.180	G	A	missense_variant	272	P/S	-	-	YES
NC_000016.10:g.30784128G>C	Q9UEG4.161	G	C	missense_variant	67	S/C	-	-	YES
NC_000006.12:g.155296977C>A	Q8WVM0.169	C	A	missense_variant	174	L/F	-	-	YES
NC_000017.11:g.5162966A>G	P35125.179	A	G	missense_variant	1000	T/A	-	-	YES
NC_000007.14:g.73831326C>A	O14493.178	C	A	missense_variant	42	T/N	-	-	YES
NC_000009.12:g.78243471A>G	Q5JTW2.136	A	G	missense_variant	205	M/V	uncertain_significance	7.227e-05	YES
CHR_HSCHR18_5_CTG1_1:g.22417067C>A	Q96RT6.130	C	A	missense_variant	249	A/S	-	-	YES
NC_000015.10:g.65078152G>C	C9JR72.92	G	C	missense_variant	446	G/A	uncertain_significance	1.97e-05	YES
NC_000004.12:g.128114716C>T	Q659C4.135	C	T	missense_variant	379	H/Y	-	-	YES
NC_000020.11:g.9468593C>T	-	C	T	missense_variant	1091	H/Y	-	6.572e-06	YES
NC_000002.12:g.222909058A>G	O95573.193	A	G	missense_variant	96	K/E	-	6.569e-06	YES
NC_000022.11:g.29287029A>G	Q01844.236	A	G	missense_variant	230	S/G	-	7.228e-05	YES
NC_000023.11:g.66599545G>C	Q9HAV5.167	G	C	missense_variant	278	T/R	-	-	YES
NC_000003.12:g.10090297C>T	Q9BXW9.187	C	T	missense_variant	1230	T/I	-	-	YES
NC_000005.10:g.119193875G>C	-	G	C	missense_variant	2454	E/D	-	1.315e-05	YES
NC_000020.11:g.1125633A>G	Q92530.185	A	G	missense_variant	89	M/V	-	6.57e-06	YES
NC_000001.11:g.175337545C>T	Q92752.186	C	T	missense_variant	1173	D/N	-	-	YES
NC_000022.11:g.40886468C>T	Q9NQH7.179	C	T	missense_variant	249	P/S	-	1.315e-05	YES
CHR_HSCHR19_4_CTG3_1:g.54256106C>A	-	C	A	missense_variant	239	V/F	-	-	YES
NC_000004.12:g.186709443C>G	Q14517.200	C	G	missense_variant	129	V/L	benign	0.02912	YES
NC_000002.12:g.10764394C>T	Q8NEY4.152	C	T	missense_variant	116	P/L	-	1.314e-05	YES
NC_000013.11:g.48707424T>A	Q9NS75.173	T	A	missense_variant	203	Y/N	-	-	YES
NC_000017.11:g.36495385C>T	Q15649.167	C	T	missense_variant	150	S/F	-	-	YES
NC_000005.10:g.55960488A>G	P40189.236	A	G	missense_variant	296	V/A	-	3.287e-05	YES
NC_000017.11:g.75756555G>A	P16144.255	G	A	missense_variant	1612	R/H	-	1.972e-05	YES
NC_000014.9:g.88479009G>C	Q16825.184	G	C	missense_variant	808	R/G	-	-	YES
CHR_HSCHR6_MHC_QBL_CTG1:g.33244034C>G	O15209.191	C	G	missense_variant	573	G/R	-	-	YES
NC_000001.11:g.45334505T>C	Q9UIF7.199	T	C	start_lost	1	M/V	pathogenic	-	YES
NC_000016.10:g.68564577A>G	Q8TF47.172	A	G	missense_variant	597	H/R	-	-	YES
NC_000019.10:g.8971938T>C	Q8WXI7.145	T	C	missense_variant	3067	I/M	-	6.573e-06	YES
NC_000017.11:g.64496527C>G	Q9UHN1.184	C	G	missense_variant	148	V/L	uncertain_significance	-	YES
CHR_HSCHR2_6_CTG7_2:g.206144966T>G	P28331.227	T	G	missense_variant	280	R/S	-	-	YES
CHR_HSCHR6_MHC_DBB_CTG1:g.33293854C>G	O15209.191	C	G	missense_variant	329	V/L	-	-	YES
NC_000011.10:g.73296724C>G	Q15077.185	C	G	missense_variant	69	A/G	-	-	YES
CHR_HSCHR1_1_CTG31:g.153834606T>G	Q8WXI9.182	T	G	missense_variant	299	Q/H	-	-	YES
NC_000023.11:g.71142211G>A	Q93074.206	G	A	missense_variant	2176	R/H	-	1.786e-05	YES
NC_000017.11:g.40554822G>C	P32248.196	G	C	missense_variant	353	R/G	-	-	YES
NC_000012.12:g.47793509G>A	Q8WUI4.204	G	A	missense_variant	513	A/V	-	-	YES
NC_000002.12:g.27627144G>T	Q6ZUS5.129	G	T	missense_variant	219	T/N	-	-	YES
NC_000009.12:g.133412443T>C	Q9GZR2.171	T	C	missense_variant	256	K/E	-	1.315e-05	YES
NC_000012.12:g.96247213A>G	P41970.188	A	G	missense_variant	161	I/V	-	2.627e-05	YES
NC_000001.11:g.155950963G>C	Q92974.212	G	C	missense_variant	857	R/G	-	-	YES
NC_000012.12:g.130163255G>A	Q9ULW2.180	G	A	missense_variant	105	A/T	-	-	YES
NC_000016.10:g.88435898G>A	-	G	A	missense_variant	2810	A/T	-	6.57e-06	YES
CHR_HSCHR19LRC_COX1_CTG3_1:g.54192641G>C	-	G	C	missense_variant	198	V/L	-	-	YES
CHR_HSCHR6_MHC_QBL_CTG1:g.31400834T>A	Q29983.180	T	A	missense_variant	76	V/D	-	-	YES
NC_000009.12:g.133694327C>T	Q9UL12.162	C	T	missense_variant	618	E/K	-	6.57e-06	YES
NC_000023.11:g.5909119G>T	Q8N0W4.174	G	T	missense_variant	249	T/N	-	-	YES
NC_000019.10:g.49705046C>G	Q8TCG5.158	C	G	missense_variant	271	R/G	-	1.315e-05	YES
NC_000001.11:g.45997739A>T	Q6P0Q8.168	A	T	missense_variant	203	D/V	-	6.571e-06	YES
NC_000021.9:g.41451238G>A	P20591.202	G	A	missense_variant	502	A/T	-	1.985e-05	YES
NC_000001.11:g.27885328C>T	Q5TEJ8.130	C	T	missense_variant	585	R/W	-	3.942e-05	YES
CHR_HG2419_PATCH:g.144396893A>G	Q10570.189	A	G	missense_variant	877	F/L	-	-	YES
NC_000016.10:g.4883865C>A	O60437.191	C	A	missense_variant	1597	R/L	-	-	YES
NC_000010.11:g.96949065G>A	Q96JN0.154	G	A	missense_variant	3	R/Q	-	6.577e-06	YES
NC_000006.12:g.151352100T>A	Q02952.193	T	A	missense_variant	1237	S/T	-	-	YES
NC_000009.12:g.19058539C>G	Q7Z4H7.150	C	G	missense_variant	743	C/S	-	2.635e-05	YES
NC_000008.11:g.100239313A>G	Q07617.188	A	G	missense_variant	730	E/G	-	-	YES
NC_000004.12:g.3182431G>C	P42858.218	G	C	missense_variant	1609	Q/H	-	-	YES
NC_000017.11:g.78494151T>C	Q9UFH2.141	T	C	missense_variant	2098	E/G	-	-	YES
NC_000021.9:g.44079691G>A	P48553.187	G	A	missense_variant	533	G/R	-	1.315e-05	YES
NC_000004.12:g.1655102C>G	Q6NSI3.116	C	G	missense_variant	253	R/P	-	-	YES
NC_000001.11:g.100731204C>T	P19320.249	C	T	missense_variant	404	P/L	-	6.577e-06	YES
NC_000016.10:g.70258044G>T	P49588.202	G	T	missense_variant	722	F/L	uncertain_significance,likely_benign	0.001091	YES
NC_000015.10:g.48472640C>A	P35555.246	C	A	missense_variant	1416	G/V	-	6.571e-06	YES
CHR_HSCHR11_1_CTG7:g.2968807T>G	Q99733.183	T	G	missense_variant	137	M/L	-	-	YES
NC_000004.12:g.71026696A>G	P27707.190	A	G	missense_variant	233	I/V	-	4.601e-05	YES
NC_000011.10:g.126210985T>C	Q96CM3.147	T	C	missense_variant	87	H/R	-	-	YES
NC_000013.11:g.20142573C>A	Q9Y6H8.185	C	A	missense_variant	239	G/V	-	-	YES
NC_000002.12:g.159175100A>T	Q9C0D5.162	A	T	missense_variant	551	M/L	-	-	YES
NC_000006.12:g.33288806C>T	O15213.180	C	T	missense_variant,splice_region_variant	93	G/R	-	1.315e-05	YES
NC_000002.12:g.56193116C>G	Q96PX6.117	C	G	missense_variant	306	P/A	-	1.974e-05	YES
NC_000008.11:g.123427982G>A	Q96HA8.141	G	A	missense_variant	48	E/K	-	-	YES
NC_000009.12:g.116725942T>C	O75129.154	T	C	missense_variant	879	N/D	-	6.575e-06	YES
NC_000017.11:g.82085035C>T	P49327.234	C	T	missense_variant,splice_region_variant	1470	R/Q	-	-	YES
NC_000008.11:g.132969533A>G	P01266.225	A	G	missense_variant	1980	N/S	-	1.971e-05	YES
NC_000019.10:g.48117686C>A	P18858.222	C	A	missense_variant	845	K/N	uncertain_significance	0.001208	YES
NC_000001.11:g.154970121G>A	P29353.246	G	A	missense_variant	136	R/C	-	-	YES
NC_000011.10:g.74100663G>C	Q4AC94.127	G	C	missense_variant	865	S/C	uncertain_significance	7.887e-05	YES
NC_000023.11:g.131274632G>A	Q8N6C5.164	G	A	missense_variant	1240	P/S	-	-	YES
NC_000019.10:g.57211689G>C	O43296.185	G	C	missense_variant	198	E/Q	-	6.57e-06	YES
NC_000013.11:g.108210151T>C	P49917.226	T	C	missense_variant	373	N/S	-	-	YES
NC_000001.11:g.16986321C>G	Q9NQ11.193	C	G	missense_variant	1148	R/P	-	1.973e-05	YES
NC_000020.11:g.10622895C>A	Q5VYV7.116	C	A	missense_variant	248	P/Q	-	-	YES
NC_000019.10:g.54155848C>T	Q96BZ8.131	C	T	missense_variant	223	G/D	-	-	YES
NC_000002.12:g.202290440A>G	Q9Y2X3.202	A	G	missense_variant	206	K/R	-	1.314e-05	YES
NC_000023.11:g.40073206C>G	Q6W2J9.169	C	G	missense_variant	714	V/L	-	1.774e-05	YES
NC_000002.12:g.90160232G>A	P01611.126	G	A	missense_variant	83	R/K	-	-	YES
NC_000019.10:g.629985A>G	O00411.194	A	G	missense_variant	126	L/P	-	-	YES
NC_000011.10:g.66870331T>G	P11498.233	T	G	missense_variant	292	T/P	-	-	YES
NC_000012.12:g.122932272C>T	Q9NP78.197	C	T	missense_variant	654	A/T	-	-	YES
CHR_HSCHR6_MHC_QBL_CTG1:g.31820021A>G	-	A	G	missense_variant	612	Y/C	-	-	YES
NC_000009.12:g.89349902C>T	Q96T21.161	C	T	missense_variant	622	P/L	-	-	YES
NC_000005.10:g.10410153G>C	O60337.164	G	C	missense_variant	523	S/T	-	-	YES
NC_000015.10:g.71757909C>T	Q6ZMP0.146	C	T	missense_variant	808	A/V	-	1.314e-05	YES
NC_000003.12:g.190120440G>A	Q8IVL5.158	G	A	missense_variant	98	P/S	-	-	YES
NC_000001.11:g.176771179A>C	Q9BXP8.177	A	C	missense_variant,splice_region_variant	1572	N/H	-	-	YES
NC_000006.12:g.101399329A>G	Q13002.207	A	G	missense_variant	18	K/E	-	-	YES
NC_000002.12:g.239126667A>G	-	A	G	missense_variant	441	L/P	-	6.568e-06	YES
NC_000018.10:g.59435966T>C	Q6UXH8.146	T	C	missense_variant	388	D/G	likely_benign	3.286e-05	YES
CHR_HG107_PATCH:g.1165916A>G	P98088.190	A	G	missense_variant	249	Q/R	-	-	YES
NC_000013.11:g.52136877C>A	P51956.202	C	A	missense_variant	318	G/V	-	-	YES
NC_000022.11:g.49794289T>A	O95696.184	T	A	missense_variant	702	R/W	-	-	YES
NC_000003.12:g.113660513G>A	Q68DE3.131	G	A	missense_variant	390	S/L	-	1.314e-05	YES
NC_000001.11:g.37762786C>G	Q5JZY3.165	C	G	missense_variant,splice_region_variant	57	G/A	-	6.572e-06	YES
NC_000015.10:g.43528450G>A	P78559.184	G	A	missense_variant	2326	G/E	-	-	YES
NC_000016.10:g.2175912A>G	Q6Q0C0.181	A	G	missense_variant	569	N/D	-	-	YES
CHR_HSCHR19LRC_PGF1_CTG3_1:g.54736045A>T	Q99706.195	A	T	missense_variant	156	H/L	-	-	YES
NC_000017.11:g.61683307C>T	Q9BX63.186	C	T	missense_variant	1247	G/S	likely_benign	6.576e-06	YES
NC_000012.12:g.57607314C>T	Q8N9I9.160	C	T	missense_variant	151	P/S	-	-	YES
NC_000007.14:g.34153231C>A	Q8N8U9.149	C	A	missense_variant	672	H/Q	-	-	YES
NC_000011.10:g.117204322T>C	Q01995.200	T	C	missense_variant	190	M/T	-	-	YES
NC_000002.12:g.53808440G>A	Q96DZ1.172	G	A	missense_variant	341	G/S	-	-	YES
NC_000017.11:g.3743521C>G	P38570.194	C	G	missense_variant	806	D/H	-	-	YES
CHR_HSCHR19_4_CTG3_1:g.54733485G>T	Q8N743.163	G	T	missense_variant	20	W/C	-	-	YES
NC_000018.10:g.70060008A>C	Q86VV8.134	A	C	missense_variant	1594	H/Q	-	-	YES
NC_000013.11:g.32339648A>G	P51587.233	A	G	missense_variant	1765	K/E	uncertain_significance	-	YES
NC_000011.10:g.95862029C>T	Q13614.212	C	T	missense_variant	144	R/Q	uncertain_significance	-	YES
NC_000001.11:g.108940106G>C	Q96S66.143	G	C	missense_variant	278	P/R	-	-	YES
NC_000002.12:g.218675352A>G	Q9NRP7.186	A	G	missense_variant	105	I/V	-	1.989e-05	YES
NC_000001.11:g.23193144A>G	P28221.185	A	G	missense_variant	359	F/S	-	6.573e-06	YES
NC_000004.12:g.79407473A>T	Q14410.171	A	T	missense_variant	243	I/N	-	-	YES
NC_000019.10:g.52881089C>T	A2RRD8.126	C	T	missense_variant	346	R/K	-	-	YES
NC_000017.11:g.7743033T>C	Q9P225.147	T	C	missense_variant	599	F/L	-	-	YES
NC_000006.12:g.50836172C>G	Q92481.194	C	G	missense_variant	238	S/C	-	-	YES
NC_000017.11:g.31326079G>A	P21359.245	G	A	missense_variant	1699	G/S	uncertain_significance	-	YES
NC_000003.12:g.363318C>G	O00533.173	C	G	missense_variant	507	S/C	-	1.315e-05	YES
NC_000012.12:g.64194166C>G	Q96MD2.135	C	G	missense_variant	338	E/D	-	-	YES
NC_000002.12:g.191034591G>C	Q14765.204	G	C	missense_variant	526	S/C	-	-	YES
NC_000008.11:g.11849146C>T	P07858.239	C	T	missense_variant	116	A/T	-	6.57e-06	YES
NC_000016.10:g.67239374C>T	Q9Y613.189	C	T	missense_variant	94	M/I	-	-	YES
NC_000008.11:g.123015559C>A	Q9BUN8.174	C	A	missense_variant	215	G/V	-	2.629e-05	YES
NC_000017.11:g.35930648G>T	Q8NG50.156	G	T	missense_variant	27	T/K	-	-	YES
NC_000011.10:g.61356637T>C	Q8NBI2.155	T	C	missense_variant	26	Y/C	-	-	YES
NC_000005.10:g.128138609A>G	P55011.193	A	G	missense_variant	474	N/S	-	6.571e-06	YES
NC_000002.12:g.100948314A>G	Q99743.197	A	G	missense_variant	148	H/R	-	-	YES
NC_000006.12:g.46140133T>C	Q9Y6X5.145	T	C	missense_variant	184	Y/H	-	6.594e-06	YES
NC_000002.12:g.202971576C>T	Q8N187.139	C	T	missense_variant	390	S/L	-	6.571e-06	YES
NC_000003.12:g.56773773G>A	Q9NR81.174	G	A	missense_variant	47	S/L	-	1.318e-05	YES
NC_000002.12:g.238130134G>A	Q6ZVH7.131	G	A	missense_variant	474	G/S	-	6.57e-06	YES
NC_000020.11:g.20041621G>C	Q9BZJ0.179	G	C	missense_variant	390	P/R	-	-	YES
NC_000015.10:g.45043379A>G	Q00796.222	A	G	missense_variant	75	T/A	-	-	YES
NC_000020.11:g.5954643C>G	Q9UJA3.195	C	G	missense_variant	97	Q/E	-	6.572e-06	YES
NC_000003.12:g.89340947T>A	P29320.223	T	A	missense_variant	282	D/E	-	-	YES
NC_000014.9:g.57274603G>T	Q9H0R1.149	G	T	missense_variant	145	G/V	-	6.575e-05	YES
NC_000004.12:g.151577912C>G	Q05DH4.101	C	G	missense_variant	190	Q/E	-	-	YES
NC_000019.10:g.56814682C>G	Q9GZU2.172	C	G	missense_variant	1254	E/Q	-	-	YES
CHR_HG2021_PATCH:g.39995406A>T	P43686.219	A	T	missense_variant	304	N/I	-	-	YES
NC_000014.9:g.67279342C>T	Q8N3R9.198	C	T	missense_variant	58	R/C	-	-	YES
NC_000015.10:g.80982166T>C	Q14696.167	T	C	missense_variant	77	E/G	-	-	YES
NC_000021.9:g.43010172A>G	P55347.180	A	G	missense_variant	100	Q/R	-	-	YES
NC_000015.10:g.61881620A>G	Q709C8.141	A	G	missense_variant	3240	F/S	-	-	YES
NC_000001.11:g.27550954C>T	Q5TGY3.134	C	T	missense_variant	388	D/N	-	-	YES
NC_000008.11:g.28793820T>G	Q9NV88.147	T	G	missense_variant	342	I/L	-	-	YES
NC_000016.10:g.71285329G>T	Q8IYT2.129	G	T	missense_variant	198	H/N	-	-	YES
NC_000023.11:g.141906693G>C	O60732.152	G	C	missense_variant	430	S/T	-	1.854e-05	YES
NC_000006.12:g.70274750G>A	P20849.222	G	A	missense_variant	333	S/F	-	-	YES
NC_000016.10:g.1827533G>C	Q6P587.157	G	C	missense_variant	99	D/H	-	-	YES
NC_000002.12:g.25246046A>G	Q9Y6K1.194	A	G	missense_variant	483	V/A	-	1.315e-05	YES
NC_000018.10:g.79696003A>G	Q9Y5B0.201	A	G	missense_variant	142	Q/R	-	-	YES
NC_000005.10:g.32173965C>G	Q9H4A6.153	C	G	missense_variant	24	D/H	-	-	YES
NC_000002.12:g.110661631C>T	O43683.204	C	T	missense_variant	390	A/T	-	-	YES
NC_000005.10:g.120686551C>T	Q569H4.113	C	T	missense_variant	253	P/S	-	-	YES
NC_000001.11:g.78650278A>G	Q8TCB0.138	A	G	missense_variant	28	Y/C	-	2.628e-05	YES
NC_000004.12:g.36107690C>T	Q8WZ64.179	C	T	missense_variant	1387	R/H	-	6.589e-06	YES
NC_000022.11:g.24365563C>A	Q69YQ0.147	C	A	missense_variant	972	T/K	-	6.572e-06	YES
NC_000016.10:g.18876252C>A	Q96Q15.180	C	A	missense_variant	588	A/S	-	3.287e-05	YES
NC_000008.11:g.65704918A>G	Q15390.158	A	G	missense_variant	169	N/S	-	-	YES
NC_000007.14:g.11636845C>T	Q9UPZ6.146	C	T	missense_variant	103	E/K	-	1.972e-05	YES
NC_000021.9:g.30425797T>A	Q3SY46.101	T	A	missense_variant	39	D/V	-	-	YES
NC_000001.11:g.152215606G>T	Q86YZ3.162	G	T	missense_variant	2008	S/Y	-	-	YES
NC_000012.12:g.4687086C>T	Q16795.191	C	T	missense_variant	371	P/L	-	-	YES
NC_000005.10:g.37724963C>T	Q9NW82.165	C	T	missense_variant	543	R/C	-	-	YES
NC_000017.11:g.49716298G>C	Q9C073.126	G	C	missense_variant	310	P/A	-	-	YES
NC_000011.10:g.12294260A>G	O94851.182	A	G	missense_variant	1539	I/V	-	-	-
NC_000011.10:g.45924578G>A	Q8N3Y3.149	G	A	missense_variant	189	A/T	-	-	YES
NC_000012.12:g.103677550T>C	Q8WWQ8.179	T	C	missense_variant	915	L/P	-	2.628e-05	YES
NC_000012.12:g.121240775C>A	Q96RR4.184	C	A	missense_variant	564	S/I	-	-	YES
NC_000001.11:g.119514196T>A	P14060.210	T	A	missense_variant	225	Y/N	-	-	YES
NC_000011.10:g.13010158G>C	A6NK89.100	G	C	missense_variant	194	Q/H	-	0.02617	YES
NC_000006.12:g.31865499A>G	Q53GD3.148	A	G	missense_variant,splice_region_variant	562	M/T	-	-	YES
NC_000009.12:g.89379332A>G	Q92854.215	A	G	missense_variant	654	V/A	-	-	YES
NC_000001.11:g.154571803C>T	P17787.217	C	T	missense_variant	327	T/I	-	-	YES
NC_000010.11:g.70111591G>T	Q9P0M6.194	G	T	missense_variant	343	A/S	-	0.003324	YES
NC_000017.11:g.7463064C>G	Q9P1Z0.175	C	G	missense_variant	640	E/Q	-	6.568e-06	YES
NC_000007.14:g.123868656A>G	Q2M3T9.128	A	G	missense_variant	128	D/G	-	6.57e-06	YES
NC_000015.10:g.42394308G>A	P20807.236	G	A	missense_variant	361	G/D	uncertain_significance	-	YES
NC_000016.10:g.89707880C>T	Q9Y2B5.132	C	T	missense_variant	626	R/Q	-	0.0005585	YES
CHR_HG1342_HG2282_PATCH:g.12941276G>A	Q5VXH4.131	G	A	missense_variant	193	R/C	-	-	YES
NC_000013.11:g.45004307G>T	Q8IXQ4.134	G	T	missense_variant,splice_region_variant	31	A/S	-	-	YES
NC_000007.14:g.5529331G>A	P60709.200	G	A	missense_variant	65	L/F	pathogenic	-	YES
NC_000004.12:g.82978999T>C	Q6MZP7.132	T	C	missense_variant	231	K/R	-	6.569e-06	YES
NC_000003.12:g.139355722C>G	P82650.175	C	G	missense_variant	307	L/V	-	6.57e-06	YES
NC_000003.12:g.139355722C>G	-	C	G	missense_variant	891	A/P	-	6.57e-06	-
NC_000017.11:g.43092626T>C	P38398.266	T	C	missense_variant	969	N/D	uncertain_significance	-	YES
NC_000019.10:g.3907807G>C	Q86WG3.155	G	C	missense_variant	144	E/D	-	-	YES
NC_000004.12:g.10087753T>C	O75083.206	T	C	missense_variant	302	N/S	-	6.569e-06	YES
NC_000010.11:g.1270981G>A	Q9NS39.153	G	A	missense_variant	389	A/V	-	4.599e-05	YES
NC_000016.10:g.30006497C>T	Q14183.179	C	T	missense_variant	325	E/K	-	2.635e-05	YES
NC_000001.11:g.200853344A>C	Q08AD1.135	A	C	missense_variant	1224	E/D	-	-	YES
NC_000019.10:g.1271611G>T	-	G	T	missense_variant	137	G/V	-	-	YES
NC_000014.9:g.93210656G>A	Q8N806.159	G	A	missense_variant	98	R/H	likely_benign	1.316e-05	YES
NC_000010.11:g.96562072A>G	Q9HD45.168	A	G	missense_variant	163	I/T	-	-	YES
NC_000007.14:g.43807213A>G	P53004.199	A	G	missense_variant	290	K/R	-	-	YES
NC_000014.9:g.91289219C>T	Q9P219.145	C	T	missense_variant	1443	A/T	benign,likely_benign	0.001439	YES
NC_000019.10:g.50382074C>T	P55055.222	C	T	missense_variant	379	S/L	-	-	YES
NC_000014.9:g.55678397G>T	Q86UP2.180	G	T	missense_variant	1301	A/S	-	-	YES
NC_000005.10:g.150302064T>C	Q5FYB1.142	T	C	missense_variant,splice_region_variant	104	R/G	-	-	YES
NC_000013.11:g.44574091T>C	Q15714.191	T	C	missense_variant	662	I/V	-	4.598e-05	YES
NC_000021.9:g.41432143G>A	P20591.202	G	A	missense_variant	25	D/N	-	6.568e-06	YES
NC_000004.12:g.52062325C>G	Q8TC71.137	C	G	missense_variant	139	Q/E	-	-	YES
NC_000011.10:g.130129196A>C	Q06481.215	A	C	missense_variant	482	D/A	-	-	YES
NC_000006.12:g.107070926G>A	Q5T5X7.133	G	A	missense_variant	89	R/C	-	3.943e-05	YES
NC_000004.12:g.155360319T>G	Q49MG5.120	T	G	missense_variant	300	E/A	-	-	YES
NC_000011.10:g.62571107G>C	P26641.232	G	C	missense_variant,splice_region_variant	127	A/G	-	-	YES
NC_000016.10:g.18795535C>G	Q15041.174	C	G	missense_variant	113	V/L	-	-	YES
NC_000004.12:g.70366689C>A	Q99954.141	C	A	missense_variant	34	P/T	-	-	YES
NC_000012.12:g.6233445G>C	P21926.210	G	C	missense_variant	103	E/Q	-	6.571e-06	YES
NC_000007.14:g.82955404T>G	Q9Y6V0.199	T	G	missense_variant	1850	E/A	uncertain_significance	6.573e-06	YES
NC_000001.11:g.47280636G>A	Q15468.158	G	A	missense_variant	608	H/Y	-	-	YES
NC_000016.10:g.29994386T>G	Q9BW71.162	T	G	missense_variant	253	E/D	-	6.578e-06	YES
NC_000008.11:g.142917149T>C	P19099.217	T	C	missense_variant	102	Q/R	-	-	YES
NC_000003.12:g.41224610C>A	P35222.255	C	A	missense_variant	33	S/Y	pathogenic,likely_pathogenic	-	YES
NC_000001.11:g.42773642C>G	Q9BV19.135	C	G	missense_variant	92	A/G	-	-	YES
NC_000022.11:g.27982837T>C	Q96AY4.190	T	C	missense_variant	2277	Q/R	-	6.574e-06	YES
NC_000008.11:g.143925709G>A	Q15149.240	G	A	missense_variant	1407	A/V	likely_benign,uncertain_significance	4.606e-05	YES
NC_000007.14:g.135393933C>G	O95628.193	C	G	missense_variant	538	G/R	-	-	YES
NC_000001.11:g.110673194T>C	P22001.211	T	C	missense_variant	539	H/R	-	-	YES
NC_000010.11:g.14530340A>T	Q9H098.135	A	T	missense_variant	215	N/K	-	-	YES
NC_000019.10:g.8905036T>C	Q8WXI7.145	T	C	missense_variant	12704	N/S	-	1.981e-05	YES
NC_000007.14:g.77696932G>T	Q6PCB5.141	G	T	missense_variant	155	A/S	-	-	YES
NC_000019.10:g.805058A>G	P26599.238	A	G	missense_variant	255	I/V	-	-	YES
NC_000019.10:g.33021626A>G	Q8IUC4.162	A	G	missense_variant	112	L/P	-	6.57e-06	YES
NC_000011.10:g.85698061T>G	-	T	G	missense_variant	2096	T/P	-	2.629e-05	YES
NC_000006.12:g.42978667C>A	Q13608.191	C	A	missense_variant	162	G/W	uncertain_significance	6.57e-06	YES
NC_000017.11:g.81869758C>A	P52565.205	C	A	missense_variant	58	R/L	-	6.568e-06	YES
NC_000012.12:g.102958263A>T	P50553.195	A	T	missense_variant	7	M/L	-	-	YES
NC_000015.10:g.83559256T>C	Q99963.200	T	C	missense_variant	17	F/L	-	-	YES
NC_000019.10:g.8421851G>T	Q9P0N8.166	G	T	missense_variant	4	G/V	-	1.971e-05	YES
NC_000016.10:g.89712709T>G	Q9Y2B5.132	T	G	missense_variant	147	T/P	-	-	YES
NC_000007.14:g.31824921C>T	Q14123.173	C	T	missense_variant	451	S/N	-	-	YES
NC_000017.11:g.50375820G>T	-	G	T	missense_variant	28	P/H	-	1.314e-05	-
NC_000017.11:g.50375820G>T	Q96AY2.163	G	T	missense_variant	204	K/N	-	1.314e-05	YES
CHR_HSCHR6_MHC_MCF_CTG1:g.30698380G>A	Q9Y676.175	G	A	missense_variant	97	R/Q	-	-	YES
NC_000019.10:g.37611977C>T	Q8NDQ6.161	C	T	missense_variant	233	H/Y	-	6.571e-06	YES
NC_000014.9:g.20384444C>A	Q99973.186	C	A	missense_variant	1096	G/W	-	1.972e-05	YES
NC_000003.12:g.25791291T>C	Q9NWU1.164	T	C	missense_variant	91	Y/H	-	-	YES
NC_000001.11:g.26794954T>C	Q9NUD9.146	T	C	missense_variant	307	I/T	uncertain_significance	6.57e-06	YES
NC_000007.14:g.43645259C>T	Q9GZY4.139	C	T	missense_variant	86	D/N	-	-	YES
NC_000013.11:g.113636011G>A	Q14186.203	G	A	missense_variant	241	R/Q	-	2.63e-05	YES
NC_000023.11:g.47638996C>T	P19419.227	C	T	missense_variant	185	A/T	-	8.846e-06	YES
NC_000012.12:g.102195431G>A	Q9NWS1.132	G	A	missense_variant	461	M/I	-	-	YES
NC_000008.11:g.98102887A>C	P52758.187	A	C	missense_variant	123	I/M	-	-	YES
NC_000006.12:g.33677511A>G	Q14573.208	A	G	missense_variant	1177	E/G	-	6.573e-06	YES
NC_000023.11:g.40052215T>C	Q6W2J9.169	T	C	missense_variant	1721	K/R	-	8.898e-06	YES
NC_000022.11:g.19851799C>T	Q7L3V2.117	C	T	missense_variant	155	A/T	-	2.628e-05	YES
NC_000018.10:g.6978369T>C	P25391.216	T	C	missense_variant	2006	D/G	-	6.569e-06	YES
NC_000002.12:g.24830732C>A	O60266.205	C	A	missense_variant	717	V/L	-	6.57e-06	YES
NC_000019.10:g.54990528C>A	Q9NX02.206	C	A	missense_variant	855	A/D	-	-	YES
NC_000016.10:g.24804248G>A	Q8NDV7.189	G	A	missense_variant	1256	G/R	-	-	YES
NC_000004.12:g.3130380T>C	P42858.218	T	C	missense_variant	648	V/A	-	1.971e-05	YES
NC_000004.12:g.144646946G>A	Q96QV1.162	G	A	missense_variant	91	E/K	-	-	YES
NC_000006.12:g.41684633C>T	P19484.208	C	T	missense_variant	466	S/N	-	6.57e-06	YES
NC_000006.12:g.88048023G>C	Q9HBV2.125	G	C	missense_variant	40	G/R	-	6.571e-06	YES
NC_000012.12:g.6827047G>A	Q16538.145	G	A	missense_variant	537	R/Q	-	7.883e-05	YES
NC_000001.11:g.21833838G>A	P98160.238	G	A	missense_variant	3603	T/I	-	-	YES
NC_000020.11:g.49248902C>G	Q9P2E3.166	C	G	missense_variant	1374	E/D	-	-	YES
CHR_HSCHR6_MHC_DBB_CTG1:g.32097118A>G	Q99941.205	A	G	missense_variant	161	V/A	-	-	YES
NC_000003.12:g.39143933T>C	Q96S65.142	T	C	missense_variant	298	T/A	-	0.0001513	YES
NC_000004.12:g.153295919G>A	Q9C040.181	G	A	missense_variant	465	V/I	-	-	YES
NC_000019.10:g.40395384C>T	Q9BXM0.184	C	T	missense_variant	990	D/N	-	3.287e-05	YES
NC_000006.12:g.154039579A>T	P35372.209	A	T	missense_variant	12	N/I	-	-	YES
NC_000002.12:g.53900017T>C	Q14997.162	T	C	missense_variant,splice_region_variant	1096	I/V	-	1.315e-05	YES
NC_000002.12:g.137160296T>C	Q9C0I4.118	T	C	missense_variant	485	C/R	-	6.572e-06	YES
NC_000003.12:g.45524030G>A	Q15031.189	G	A	missense_variant	776	E/K	-	1.975e-05	YES
CHR_HSCHR19LRC_PGF2_CTG3_1:g.54368653C>T	Q6GTX8.146	C	T	missense_variant	74	V/M	-	-	YES
NC_000016.10:g.30010204C>T	Q14183.179	C	T	missense_variant	7	D/N	-	1.314e-05	YES
NC_000001.11:g.12848048T>A	O60812.179	T	A	missense_variant	81	D/V	-	9.334e-05	YES
NC_000006.12:g.15496420T>C	Q92833.185	T	C	missense_variant	399	S/P	-	4.61e-05	YES
NC_000001.11:g.209623596G>A	Q13751.207	G	A	missense_variant	756	A/V	-	6.57e-06	YES
NC_000019.10:g.55621887C>T	Q8NCA9.152	C	T	missense_variant	279	G/E	-	-	YES
NC_000011.10:g.57600059A>G	P05155.245	A	G	missense_variant	78	I/V	-	6.573e-06	YES
NC_000019.10:g.49809455G>A	Q9BT04.142	G	A	missense_variant	205	L/F	-	-	YES
NC_000017.11:g.30423554T>C	O75976.191	T	C	missense_variant	569	V/A	-	-	YES
NC_000020.11:g.18184641G>A	-	G	A	missense_variant	674	S/N	-	-	YES
NC_000011.10:g.408744C>A	Q6IA17.158	C	A	missense_variant	53	G/W	-	-	YES
NC_000002.12:g.113235492A>G	Q06710.203	A	G	missense_variant	330	L/S	-	1.971e-05	YES
NC_000001.11:g.31624998G>C	O43613.177	G	C	missense_variant,splice_region_variant	323	V/L	-	5.26e-05	YES
NC_000006.12:g.30645915T>C	Q5SQI0.140	T	C	missense_variant	318	V/A	-	-	YES
NC_000004.12:g.56323463T>G	Q6ZU35.131	T	G	missense_variant	1092	L/V	-	-	YES
NC_000023.11:g.15509333G>A	P51813.210	G	A	missense_variant	48	R/K	-	-	YES
NC_000002.12:g.169185705C>T	P98164.213	C	T	missense_variant	3215	D/N	-	-	YES
NC_000019.10:g.42309729A>G	A6NJB7.102	A	G	missense_variant	49	I/V	-	-	YES
NC_000004.12:g.1723477A>G	Q9Y6A5.182	A	G	missense_variant	19	N/S	-	1.314e-05	YES
NC_000007.14:g.129205647A>T	Q99835.209	A	T	missense_variant	262	Y/F	-	-	YES
NC_000019.10:g.34741897G>A	Q2M3W8.144	G	A	missense_variant	506	V/I	-	1.972e-05	YES
NC_000002.12:g.131052920C>T	A1KXE4.109	C	T	missense_variant	191	V/M	-	6.572e-06	YES
NC_000001.11:g.3769804A>G	Q2M243.110	A	G	missense_variant	589	I/V	-	-	YES
NC_000016.10:g.53304383G>T	Q3L8U1.159	G	T	missense_variant	2126	R/M	-	2.629e-05	YES
NC_000015.10:g.43070855T>A	Q8IWV7.163	T	A	missense_variant	200	Y/F	-	6.57e-05	YES
CHR_HSCHR22_1_CTG3:g.22381129C>A	P01699.128	C	A	missense_variant	45	S/R	-	-	YES
NC_000016.10:g.2530584G>A	Q6PRD7.118	G	A	missense_variant	164	P/S	-	-	YES
NC_000016.10:g.2530584G>A	Q9Y303.162	G	A	missense_variant	537	G/D	-	-	-
NC_000022.11:g.41178936A>G	Q09472.261	A	G	missense_variant	2409	S/G	-	-	YES
NC_000008.11:g.143429724G>A	Q8NHW3.147	G	A	missense_variant	228	S/F	-	-	YES
NC_000002.12:g.47408476G>A	P43246.238	G	A	missense_variant	96	R/H	likely_benign	3.297e-05	YES
CHR_HG2232_PATCH:g.233331699A>G	P10523.191	A	G	missense_variant	265	M/V	uncertain_significance	-	YES
NC_000002.12:g.207624366C>T	Q8WXB1.140	C	T	missense_variant	4	V/M	-	-	YES
NC_000001.11:g.159307909A>G	P12319.201	A	G	missense_variant	251	K/E	-	0	YES
NC_000012.12:g.122141766C>T	Q9HAP2.151	C	T	missense_variant	905	A/V	-	1.971e-05	YES
NC_000002.12:g.197487056C>A	P10809.250	C	A	missense_variant	571	G/V	uncertain_significance,likely_benign	0.0002302	YES
NC_000016.10:g.67637767T>G	P49711.212	T	G	missense_variant	693	D/E	-	-	YES
NC_000009.12:g.92416978C>G	Q99983.182	C	G	missense_variant	194	C/S	-	-	YES
NC_000022.11:g.46337856T>C	O75648.159	T	C	missense_variant	54	C/R	-	6.569e-06	YES
NC_000006.12:g.109586038G>A	Q5TCS8.155	G	A	missense_variant	626	A/V	-	2.631e-05	YES
NC_000023.11:g.2909955T>C	P51689.169	T	C	missense_variant	387	E/G	-	-	YES
NC_000003.12:g.101651491A>G	O95625.173	A	G	missense_variant	946	M/T	-	-	YES
NC_000018.10:g.37321877T>G	Q9BZC1.170	T	G	missense_variant	125	N/T	-	-	YES
NC_000006.12:g.143760534C>G	O75167.151	C	G	missense_variant	196	H/Q	-	-	YES
NC_000009.12:g.87727722A>G	P07711.230	A	G	missense_variant	40	Y/C	-	6.571e-06	YES
NC_000023.11:g.18604825G>C	O76039.209	G	C	missense_variant	634	G/A	-	-	YES
CHR_HSCHR6_MHC_SSTO_CTG1:g.31653446G>A	O95872.172	G	A	missense_variant	213	P/L	-	-	YES
NC_000001.11:g.20633813G>A	Q9BXM7.195	G	A	missense_variant	89	A/T	-	6.571e-06	YES
NC_000002.12:g.215420777G>A	P02751.271	G	A	missense_variant	524	T/I	-	-	YES
NC_000001.11:g.196258206T>C	Q6UVM3.156	T	C	missense_variant	1067	T/A	-	1.971e-05	YES
CHR_HSCHR6_MHC_DBB_CTG1:g.31607765G>A	P48634.185	G	A	missense_variant	248	G/R	-	-	YES
NC_000014.9:g.20459255C>A	Q86T03.160	C	A	missense_variant	214	C/F	-	-	YES
CHR_HSCHR15_4_CTG8:g.29858780T>C	Q07157.232	T	C	missense_variant	1491	E/G	-	-	YES
NC_000003.12:g.328292G>A	O00533.173	G	A	missense_variant	108	R/H	likely_benign	4.604e-05	YES
NC_000015.10:g.55850598G>A	P46934.220	G	A	missense_variant	431	H/Y	-	-	YES
NC_000016.10:g.23622987G>A	Q86YC2.158	G	A	missense_variant	993	T/M	uncertain_significance	-	YES
NC_000021.9:g.44400349C>G	O94759.195	C	G	missense_variant	767	L/V	-	6.57e-06	YES
NC_000016.10:g.11549645G>A	Q99732.190	G	A	missense_variant	160	R/C	uncertain_significance	1.972e-05	YES
NC_000014.9:g.89162566G>A	O00409.203	G	A	missense_variant	419	R/C	-	1.318e-05	YES
NC_000015.10:g.70832146G>T	Q9BRS8.166	G	T	missense_variant	461	A/E	-	-	YES
NC_000006.12:g.47712400T>C	Q8IZF3.142	T	C	missense_variant	115	I/T	-	-	YES
NC_000002.12:g.61493980A>G	O14980.210	A	G	missense_variant	387	S/P	not_provided	-	YES
NC_000011.10:g.77211281C>T	Q13402.235	C	T	missense_variant	2061	R/W	uncertain_significance	3.943e-05	YES
NC_000001.11:g.201957367G>T	Q99595.171	G	T	missense_variant	38	R/L	-	6.572e-06	YES
CHR_HSCHR6_MHC_QBL_CTG1:g.31935629G>A	P06681.229	G	A	missense_variant	717	A/T	-	-	YES
NC_000013.11:g.39679604A>G	Q9Y2V7.163	A	G	missense_variant	203	N/D	-	-	YES
NC_000004.12:g.82978913T>C	Q6MZP7.132	T	C	missense_variant	260	T/A	-	0	YES
NC_000008.11:g.22614946G>T	Q8N163.184	G	T	missense_variant	384	A/S	-	3.284e-05	YES
CHR_HG2021_PATCH:g.39870407A>G	Q9Y6R7.151	A	G	missense_variant	5121	C/R	-	-	YES
NC_000013.11:g.23340179C>A	Q9NZJ4.187	C	A	missense_variant	1233	D/Y	-	-	YES
NC_000008.11:g.55795991C>A	Q96RS0.169	C	A	missense_variant	461	P/T	-	-	YES
NC_000001.11:g.110951836T>C	Q5T3J3.141	T	C	missense_variant	350	M/V	-	-	YES
NC_000019.10:g.43965061A>G	Q9UK13.178	A	G	missense_variant	65	N/D	-	0.002891	YES
CHR_HSCHR6_MHC_DBB_CTG1:g.31952794A>G	O77932.149	A	G	missense_variant	269	F/S	-	-	YES
NC_000008.11:g.144316909C>G	O75907.178	C	G	missense_variant	419	V/L	-	-	YES
NC_000007.14:g.80664457A>G	P16671.225	A	G	missense_variant	221	I/V	-	1.315e-05	YES
NC_000012.12:g.8651688G>A	Q13361.162	G	A	missense_variant	74	S/F	-	-	YES
NC_000006.12:g.16141702T>C	Q8WY64.180	T	C	missense_variant	119	L/P	-	-	YES
NC_000003.12:g.172247587G>C	Q53EP0.141	G	C	missense_variant	107	E/Q	-	-	YES
NC_000009.12:g.108931124C>A	O95163.195	C	A	missense_variant	8	R/L	uncertain_significance	-	YES
NC_000009.12:g.6644661G>T	P23378.191	G	T	missense_variant	96	P/H	-	-	YES
NC_000014.9:g.67122364A>G	Q9NQX3.197	A	G	missense_variant	579	I/V	uncertain_significance	1.314e-05	YES
NC_000019.10:g.31277294G>T	Q63HK5.169	G	T	missense_variant	833	F/L	-	-	YES
NC_000013.11:g.52397531C>G	Q9NS62.148	C	G	missense_variant	241	G/A	-	-	YES
NC_000002.12:g.222297160T>G	P23760.228	T	G	missense_variant	47	N/H	pathogenic	-	YES
NC_000003.12:g.42697610C>G	Q9HCP6.147	C	G	missense_variant	255	V/L	-	6.57e-06	YES
NC_000007.14:g.102301080G>A	O14492.179	G	A	missense_variant	177	R/Q	-	1.317e-05	YES
NC_000010.11:g.98443214C>G	Q92902.187	C	G	missense_variant	9	E/D	benign,likely_benign	0.004023	YES
NC_000002.12:g.112021480A>G	Q12866.222	A	G	missense_variant	750	S/G	uncertain_significance	-	YES
NC_000012.12:g.10704055G>A	P16989.220	G	A	missense_variant	292	R/C	-	6.575e-06	YES
NC_000013.11:g.99982240C>A	O95409.193	C	A	missense_variant	59	A/D	-	2.639e-05	YES
CHR_HG30_PATCH:g.179866168A>G	Q66K14.148	A	G	missense_variant	1004	M/T	-	-	YES
NC_000003.12:g.126125698C>G	O75891.206	C	G	missense_variant	573	W/S	-	-	YES
NC_000003.12:g.33153791C>T	O60279.139	C	T	missense_variant	281	A/T	-	1.971e-05	YES
NC_000011.10:g.62532798C>T	Q09666.186	C	T	missense_variant	540	R/K	-	-	YES
NC_000001.11:g.226890064C>A	P49810.226	C	A	missense_variant	273	P/T	-	-	YES
NC_000016.10:g.1351385G>A	Q9UJK0.143	G	A	missense_variant	109	A/V	-	-	YES
NC_000008.11:g.27397705C>T	Q14289.238	C	T	missense_variant	41	L/F	-	-	YES
NC_000014.9:g.103104802G>T	Q17RC7.109	G	T	missense_variant	450	R/L	-	1.971e-05	YES
NC_000003.12:g.10064865T>C	Q9BXW9.187	T	C	missense_variant	720	S/P	-	-	YES
NC_000005.10:g.79758783A>T	Q8N3K9.153	A	T	missense_variant	3714	E/V	-	-	YES
NC_000011.10:g.6631079T>C	Q96JQ0.163	T	C	missense_variant	1302	S/G	-	-	YES
NC_000020.11:g.4874001T>A	Q9UGH3.185	T	A	missense_variant	346	Y/F	-	-	YES
NC_000001.11:g.24361023G>C	Q5TH74.112	G	C	missense_variant	252	N/K	-	-	YES
NC_000013.11:g.36335646T>G	Q8N0X7.166	T	G	missense_variant	62	K/T	-	-	YES
NC_000004.12:g.102304317C>G	Q9C0K1.151	C	G	missense_variant,splice_region_variant	280	Q/H	-	-	YES
NC_000018.10:g.74520003A>G	Q96KP4.173	A	G	missense_variant	455	N/D	-	6.572e-06	YES
NC_000014.9:g.100539249G>A	-	G	A	missense_variant	187	P/S	-	-	YES
NC_000002.12:g.99364329A>G	O60841.206	A	G	missense_variant	399	E/G	-	6.569e-06	YES
NC_000023.11:g.154379983C>T	P50402.225	C	T	missense_variant	77	P/S	uncertain_significance	-	YES
NC_000020.11:g.31797474A>G	Q9ULW0.200	A	G	missense_variant	635	Q/R	-	6.569e-06	YES
NC_000002.12:g.44338389C>T	Q4J6C6.149	C	T	missense_variant	284	V/M	uncertain_significance	-	YES
CHR_HSCHR19LRC_LRC_S_CTG3_1:g.54074929T>C	B6A8C7.94	T	C	missense_variant	85	N/S	-	-	YES
NC_000017.11:g.8741574T>C	Q96M95.125	T	C	missense_variant	131	E/G	-	-	YES
NC_000002.12:g.71364225A>G	Q14966.183	A	G	missense_variant	564	M/V	-	6.569e-06	YES
NC_000008.11:g.144474753C>T	O75593.187	C	T	missense_variant	195	G/S	-	-	YES
NC_000005.10:g.6632907C>T	Q08J23.150	C	T	missense_variant	25	G/S	-	1.314e-05	YES
NC_000017.11:g.76077073C>T	O43603.174	C	T	missense_variant	269	A/V	-	6.567e-06	YES
NC_000005.10:g.132823913C>A	Q2M3G4.125	C	A	missense_variant	583	R/L	-	6.57e-06	YES
NC_000012.12:g.53973411G>C	O43248.188	G	C	missense_variant	57	R/P	-	-	YES
NC_000008.11:g.17649891C>A	Q9ULD2.156	C	A	missense_variant	1152	E/D	-	7.229e-05	YES
NC_000016.10:g.15691186C>G	Q9NXR1.173	C	G	missense_variant	189	P/R	-	1.973e-05	YES
NC_000001.11:g.24121085T>G	Q8N6P7.165	T	G	missense_variant	482	H/P	-	-	YES
CHR_HSCHR6_MHC_SSTO_CTG1:g.30635096C>T	Q5SQI0.140	C	T	missense_variant	277	P/S	-	-	YES
NC_000003.12:g.12505167A>G	Q8NCE0.160	A	G	missense_variant	282	N/S	uncertain_significance	1.971e-05	YES
NC_000015.10:g.63638520C>A	Q15751.184	C	A	missense_variant	3995	G/V	-	6.571e-06	YES
NC_000008.11:g.132129275T>C	O43525.200	T	C	missense_variant	869	N/S	-	-	YES
CHR_HG2030_PATCH:g.133346746A>G	Q15528.173	A	G	missense_variant	22	L/P	-	-	YES
NC_000017.11:g.8149786T>G	O15534.202	T	G	missense_variant	207	H/P	-	1.314e-05	YES
NC_000007.14:g.142451292G>A	A0A0K0K1A5.51	G	A	missense_variant	63	R/K	-	1.313e-05	YES
NC_000007.14:g.64521574T>C	Q8NEM1.164	T	C	missense_variant	394	T/A	-	-	YES
NC_000007.14:g.98194363G>T	Q8IWU2.163	G	T	missense_variant	1300	A/S	-	-	YES
NC_000014.9:g.92962828G>T	Q13572.173	G	T	missense_variant	129	P/H	-	6.572e-06	YES
NC_000016.10:g.30766269A>G	O75150.185	A	G	missense_variant	367	N/S	-	-	YES
NC_000008.11:g.143920325C>T	Q15149.240	C	T	missense_variant	3166	E/K	-	-	YES
NC_000013.11:g.108210740G>C	P49917.226	G	C	missense_variant	177	Q/E	uncertain_significance	-	YES
NC_000023.11:g.16654471G>A	P29377.173	G	A	missense_variant	68	E/K	-	1.788e-05	YES
NC_000010.11:g.70600383C>T	P14222.216	C	T	missense_variant	174	V/M	-	-	YES
NC_000012.12:g.130362836G>T	Q96J94.149	G	T	missense_variant,splice_region_variant	681	A/S	-	-	YES
NC_000017.11:g.58195112C>T	P11678.205	C	T	missense_variant	248	T/I	-	-	YES
NC_000002.12:g.148469810A>G	-	A	G	missense_variant	623	M/V	-	-	YES
NC_000013.11:g.108208538T>A	P49917.226	T	A	missense_variant	911	I/F	-	-	YES
NC_000016.10:g.72798429A>C	Q15911.206	A	C	missense_variant	1418	L/R	-	-	YES
NC_000008.11:g.17754801T>A	Q9ULD2.156	T	A	missense_variant	336	N/I	-	-	YES
NC_000010.11:g.98429879C>T	Q92902.187	C	T	missense_variant	260	R/Q	benign	0.006945	YES
CHR_HG926_PATCH:g.21211507C>G	Q05996.168	C	G	missense_variant	14	G/A	-	-	YES
NC_000012.12:g.47078164A>C	Q86SJ2.170	A	C	missense_variant	280	M/R	-	6.57e-06	YES
NC_000016.10:g.20348654G>T	P07911.209	G	T	missense_variant	216	T/N	-	1.314e-05	YES
NC_000023.11:g.51895201T>C	Q9Y5V3.202	T	C	missense_variant	65	I/T	-	8.925e-06	YES
NC_000014.9:g.61741035T>C	Q16665.244	T	C	missense_variant	647	I/T	-	-	YES
CHR_HG1_PATCH:g.23959971A>G	Q9BTZ2.181	A	G	missense_variant	126	I/V	-	-	YES
CHR_HSCHR19LRC_LRC_T_CTG3_1:g.54128466C>T	-	C	T	missense_variant	372	R/W	uncertain_significance	-	YES
NC_000011.10:g.14469529G>T	P53618.196	G	T	missense_variant	591	T/N	-	-	YES
NC_000003.12:g.187733551G>A	P41182.224	G	A	missense_variant	48	T/M	not_provided	9.867e-05	YES
NC_000023.11:g.19361564C>T	Q6ZN16.151	C	T	missense_variant	1237	G/R	-	-	YES
NC_000015.10:g.50233939T>G	O14975.180	T	G	missense_variant	543	F/V	-	6.569e-06	YES
NC_000013.11:g.45988836A>T	-	A	T	missense_variant	402	D/E	-	-	YES
NC_000003.12:g.101565171A>C	Q7L0Y3.155	A	C	missense_variant	130	K/N	-	6.572e-06	YES
NC_000008.11:g.25390268G>A	Q9H7D0.164	G	A	missense_variant	1446	V/I	-	-	YES
NC_000007.14:g.105117870C>T	P78362.199	C	T	missense_variant	690	E/K	-	6.568e-06	YES
NC_000019.10:g.10362127T>C	P29597.227	T	C	missense_variant	575	N/S	-	-	YES
NC_000019.10:g.40529060C>T	Q9H254.189	C	T	missense_variant	1293	R/W	-	6.57e-06	YES
NC_000019.10:g.17256494G>C	Q8N6Y0.143	G	C	missense_variant	483	Q/E	-	6.573e-06	YES
NC_000005.10:g.178991902C>T	O15303.171	C	T	missense_variant	229	G/E	not_provided	-	YES
NC_000001.11:g.228280616C>A	-	C	A	missense_variant	3102	P/T	-	-	YES
NC_000004.12:g.82636644T>C	Q86SK9.140	T	C	missense_variant	250	Y/C	-	6.571e-06	YES
NC_000019.10:g.51380239G>A	P55344.171	G	A	missense_variant	162	R/W	uncertain_significance	3.289e-05	YES
NC_000011.10:g.64946140T>A	Q3KP22.112	T	A	missense_variant	85	T/S	-	-	-
NC_000023.11:g.155774465C>G	-	C	G	missense_variant	198	C/W	-	6.57e-06	YES
NC_000006.12:g.135300548T>C	Q8N157.172	T	C	missense_variant	1146	N/S	-	6.574e-06	YES
NC_000012.12:g.21915798C>A	O60706.198	C	A	missense_variant	229	W/L	uncertain_significance	-	YES
NC_000019.10:g.10252438G>C	Q9BYD3.165	G	C	missense_variant	33	E/D	-	6.571e-06	YES
NC_000007.14:g.16624983C>T	Q8IV38.146	C	T	missense_variant,splice_region_variant	124	G/S	-	-	YES
NC_000005.10:g.179774539C>G	Q92585.171	C	G	missense_variant	905	P/A	benign	0.003914	YES
NC_000020.11:g.63565202C>A	Q9BYK8.198	C	A	missense_variant	1207	R/L	-	-	YES
NC_000001.11:g.26572229G>A	Q15418.223	G	A	missense_variant	628	R/Q	-	5.264e-05	YES
NC_000007.14:g.100108537G>A	P49848.211	G	A	missense_variant	430	H/Y	-	6.573e-06	YES
NC_000022.11:g.38081206C>T	O95907.162	C	T	missense_variant	278	A/T	-	-	YES
CHR_HSCHR6_MHC_MANN_CTG1:g.31754988G>A	-	G	A	missense_variant	29	G/R	-	-	YES
NC_000019.10:g.38283677A>G	O43291.194	A	G	missense_variant	53	R/G	-	-	YES
NC_000004.12:g.165040217G>T	Q495X7.126	G	T	missense_variant	49	D/Y	-	-	YES
NC_000007.14:g.13895909C>A	P50549.192	C	A	missense_variant	464	G/V	-	-	YES
NC_000012.12:g.57096938T>A	P42226.214	T	A	missense_variant	756	S/C	-	-	YES
NC_000003.12:g.141445053C>T	Q8NAP3.166	C	T	missense_variant	889	L/F	-	6.571e-06	YES
NC_000004.12:g.54273664G>A	P16234.236	G	A	missense_variant	498	A/T	uncertain_significance	3.287e-05	YES
NC_000001.11:g.155239699A>C	P04062.257	A	C	missense_variant	124	M/R	-	-	YES
NC_000002.12:g.108766332G>T	P49792.237	G	T	missense_variant	1931	K/N	-	6.572e-06	YES
NC_000015.10:g.65422823C>A	Q8TDY8.155	C	A	missense_variant	14	A/S	-	-	YES
NC_000006.12:g.151350300A>G	Q02952.193	A	G	missense_variant	637	K/E	-	1.972e-05	YES
NC_000011.10:g.18300840T>C	Q9UPZ3.167	T	C	missense_variant	325	S/G	-	-	YES
NC_000014.9:g.39180547A>G	Q9H307.172	A	G	missense_variant	280	K/E	-	1.971e-05	YES
NC_000017.11:g.5517785T>C	Q9C000.222	T	C	missense_variant	1340	K/E	-	-	YES
NC_000002.12:g.201761042T>G	Q96Q42.196	T	G	missense_variant	318	M/L	-	-	YES
NC_000001.11:g.10408126C>G	P52209.207	C	G	missense_variant	169	P/A	-	6.572e-06	YES
NC_000002.12:g.26477230C>T	Q9HC10.187	C	T	missense_variant	822	R/Q	uncertain_significance	3.285e-05	YES
NC_000001.11:g.110198113T>A	Q9H1V8.153	T	A	missense_variant	618	M/K	-	-	YES
NC_000001.11:g.186117527T>C	Q96RW7.173	T	C	missense_variant	3918	C/R	-	-	YES
NC_000008.11:g.116850759C>G	O60216.196	C	G	missense_variant	493	Q/H	likely_benign	8.548e-05	YES
NC_000001.11:g.68047120C>A	O95661.187	C	A	missense_variant	60	G/C	-	-	YES
NC_000001.11:g.74589925T>C	Q5RHP9.113	T	C	missense_variant	628	K/E	-	-	YES
NC_000005.10:g.160427733T>C	O95997.175	T	C	missense_variant	130	L/P	-	6.571e-06	YES
NC_000004.12:g.5574720T>A	Q86UK5.145	T	A	missense_variant	1109	M/L	-	-	YES
NC_000014.9:g.49634564G>T	Q9NVR5.155	G	T	missense_variant	196	P/T	-	6.571e-06	YES
NC_000010.11:g.94246460C>G	Q9P212.185	C	G	missense_variant	979	Q/E	-	6.569e-06	YES
CHR_HG2030_PATCH:g.133350443T>G	P62424.177	T	G	missense_variant	157	I/M	-	-	YES
NC_000006.12:g.32830323C>G	Q03519.222	C	G	missense_variant	527	V/L	-	-	YES
NC_000002.12:g.32250071A>T	Q9NPP4.190	A	T	missense_variant	598	F/Y	-	-	YES
NC_000005.10:g.150848604C>G	A1A4Y4.122	C	G	missense_variant	161	Q/E	-	-	YES
NC_000001.11:g.54216294C>A	Q9BZE1.152	C	A	missense_variant	382	L/I	-	-	YES
NC_000023.11:g.68722078C>A	Q92502.163	C	A	missense_variant	831	P/T	-	-	YES
NC_000004.12:g.75655796T>A	Q9UN86.206	T	A	missense_variant	173	S/C	-	4.599e-05	YES
NC_000019.10:g.43494712C>T	Q6NSJ2.138	C	T	missense_variant	380	S/N	-	-	YES
NC_000012.12:g.109232760C>G	O00763.207	C	G	missense_variant	1365	R/G	-	-	YES
NC_000007.14:g.83155117T>G	Q9Y6V0.199	T	G	missense_variant	508	K/N	-	0.0002295	YES
NC_000002.12:g.238130893G>A	Q6ZVH7.131	G	A	missense_variant	727	A/T	-	6.571e-06	YES
CHR_HSCHR19LRC_PGF1_CTG3_1:g.54257356G>T	-	G	T	missense_variant	30	T/N	-	-	YES
NC_000002.12:g.70230805T>G	P31483.203	T	G	missense_variant	58	H/P	-	-	YES
NC_000005.10:g.97006212A>C	Q9UIQ6.207	A	C	missense_variant	642	E/A	-	1.974e-05	YES
NC_000002.12:g.165354315G>T	Q99250.218	G	T	missense_variant	1015	D/Y	uncertain_significance	-	YES
NC_000006.12:g.31270082G>A	P10321.203	G	A	missense_variant	300	P/L	-	-	YES
NC_000002.12:g.157766067C>A	Q04771.214	C	A	missense_variant	307	R/L	-	6.577e-06	YES
NC_000005.10:g.69551578T>C	Q16625.192	T	C	missense_variant	487	V/A	-	-	YES
CHR_HSCHR6_MHC_SSTO_CTG1:g.30612159G>T	Q9Y676.175	G	T	missense_variant	101	V/F	-	-	YES
NC_000002.12:g.111834744A>C	Q9H1A4.183	A	C	missense_variant	748	S/R	-	-	YES
NC_000012.12:g.15654174C>T	Q12929.193	C	T	missense_variant	407	M/I	-	9.857e-05	YES
NC_000019.10:g.48628773C>T	Q9NRA0.181	C	T	missense_variant	322	T/M	-	6.569e-06	YES
NC_000002.12:g.218738496A>G	Q14679.166	A	G	missense_variant	274	I/V	-	1.972e-05	YES
NC_000021.9:g.26924610T>C	Q9UNA0.201	T	C	missense_variant	746	T/A	-	2.631e-05	YES
NC_000003.12:g.133380115G>C	Q6UXF1.125	G	C	missense_variant	135	G/A	-	6.577e-06	YES
NC_000005.10:g.111344041T>C	Q16566.198	T	C	missense_variant	60	V/A	-	-	YES
NC_000002.12:g.127574054T>G	-	T	G	missense_variant	243	C/G	-	-	YES
NC_000011.10:g.792954C>G	Q9H936.180	C	G	missense_variant	110	G/R	pathogenic	-	YES
NC_000020.11:g.62313448G>A	O15230.217	G	A	missense_variant	2891	L/F	-	-	YES
NC_000020.11:g.10413106C>T	Q9NPJ1.191	C	T	missense_variant	137	G/S	uncertain_significance	-	YES
NC_000002.12:g.152670302G>C	-	G	C	missense_variant	562	S/C	-	-	YES
NC_000015.10:g.91258474G>T	Q7L1I2.156	G	T	missense_variant	280	V/F	-	6.572e-06	YES
NC_000014.9:g.50395759T>A	Q00532.194	T	A	missense_variant	37	E/V	-	6.568e-06	YES
NC_000023.11:g.57447001G>T	Q6GMR7.149	G	T	missense_variant	397	W/L	-	1.8e-05	YES
NC_000015.10:g.41568984G>T	Q06418.207	G	T	missense_variant	405	W/L	-	-	YES
NC_000017.11:g.19003986C>T	A6ND36.113	C	T	missense_variant	19	S/N	-	6.569e-06	YES
NC_000002.12:g.15488983G>A	A2RRP1.124	G	A	missense_variant	332	L/F	-	6.573e-06	YES
NC_000007.14:g.57119998C>T	Q96JC4.165	C	T	missense_variant	473	A/T	-	-	YES
NC_000001.11:g.9721163G>A	O00329.204	G	A	missense_variant	576	V/I	likely_benign,conflicting_interpretations_of_pathogenicity	9.206e-05	YES
NC_000007.14:g.155071324C>A	P47898.173	C	A	missense_variant	142	S/Y	-	-	YES
NC_000016.10:g.10767978T>A	P53384.173	T	A	missense_variant	284	F/I	-	6.572e-06	YES
NC_000012.12:g.132730268T>G	Q86XL3.161	T	G	missense_variant,splice_region_variant	632	S/R	likely_benign	0.0001182	YES
CHR_HG2191_PATCH:g.75024257C>T	Q8WYB5.183	C	T	missense_variant	1114	T/M	uncertain_significance	-	YES
NC_000015.10:g.75684827A>C	Q6UVK1.161	A	C	missense_variant	1453	M/R	-	-	YES
NC_000016.10:g.8735797C>G	P80404.198	C	G	missense_variant	20	L/V	uncertain_significance	6.571e-06	YES
NC_000001.11:g.149063785T>A	-	T	A	missense_variant	625	D/V	-	0	YES
NC_000019.10:g.57135058T>C	Q96PE6.171	T	C	missense_variant	427	T/A	-	-	YES
CHR_HSCHR19KIR_HG2393_CTG3_1:g.54799671G>A	-	G	A	missense_variant	11	V/I	-	-	YES
NC_000023.11:g.111247502C>A	Q9Y6Q1.185	C	A	missense_variant,splice_region_variant	537	V/L	-	-	YES
NC_000001.11:g.20726023G>A	Q6ZV89.150	G	A	missense_variant	96	T/I	-	-	YES
NC_000002.12:g.11224340C>T	O75116.214	C	T	missense_variant	330	C/Y	-	-	YES
NC_000008.11:g.47879520A>G	P78527.229	A	G	missense_variant	1736	F/L	-	-	YES
NC_000001.11:g.205523285C>T	Q07002.210	C	T	missense_variant	40	R/W	-	0.0002366	YES
NC_000012.12:g.30663508T>A	O15397.180	T	A	missense_variant	525	L/F	-	6.571e-06	YES
NC_000016.10:g.88719901G>C	Q92508.174	G	C	missense_variant	2075	A/G	-	-	YES
NC_000012.12:g.6841602G>A	P16520.218	G	A	missense_variant	25	C/Y	-	-	YES
NC_000021.9:g.41815716T>C	P57071.197	T	C	missense_variant	794	K/R	-	-	YES
NC_000007.14:g.44121851C>T	P49005.198	C	T	missense_variant	68	R/Q	-	1.971e-05	YES
NC_000017.11:g.19019813G>C	A0PJK1.129	G	C	missense_variant	504	R/P	-	6.574e-06	YES
NC_000020.11:g.35280822C>A	P56537.208	C	A	missense_variant	67	R/S	-	-	YES
NC_000011.10:g.67424252T>G	A5YM72.120	T	G	missense_variant	835	L/R	-	-	YES
NC_000001.11:g.84565876G>A	Q01459.170	G	A	missense_variant	221	A/V	-	-	YES
NC_000001.11:g.84565876G>A	-	G	A	missense_variant	437	C/Y	-	-	YES
NC_000005.10:g.81305139A>G	Q8N567.154	A	G	missense_variant,splice_region_variant	128	M/V	-	6.57e-06	YES
NC_000011.10:g.119276016T>C	P22681.245	T	C	missense_variant	297	C/R	-	-	YES
NC_000014.9:g.24150440C>T	Q96EP0.197	C	T	missense_variant	397	P/S	-	1.314e-05	YES
NC_000018.10:g.60372249C>A	P32245.209	C	A	missense_variant	34	G/V	-	-	YES
NC_000010.11:g.32729347T>A	Q96M83.141	T	A	missense_variant	932	I/N	-	6.597e-06	YES
NC_000011.10:g.75449529C>T	Q8WTR4.141	C	T	missense_variant	186	A/T	-	1.314e-05	YES
NC_000012.12:g.120767573G>A	Q8TCT6.164	G	A	missense_variant	265	S/F	-	-	YES
NC_000019.10:g.34352704C>A	O15063.141	C	A	missense_variant	988	P/T	-	-	YES
NC_000022.11:g.25690277C>T	P35626.204	C	T	missense_variant	349	A/V	-	-	YES
NC_000017.11:g.41250016T>C	Q9BYQ2.132	T	C	missense_variant	99	V/A	-	-	YES
NC_000001.11:g.8360538A>G	Q9P2R6.191	A	G	missense_variant	990	L/P	-	2.615e-05	YES
NC_000003.12:g.184866912A>C	Q8N3P4.163	A	C	missense_variant	478	S/R	-	6.571e-06	YES
NC_000022.11:g.17209563A>T	Q9NZK5.167	A	T	missense_variant	39	L/M	uncertain_significance	6.576e-06	YES
NC_000002.12:g.230392117A>G	Q9H930.156	A	G	missense_variant	332	D/G	-	-	YES
NC_000007.14:g.157366538A>G	O75190.205	A	G	missense_variant	71	E/G	-	-	YES
CHR_HSCHR19LRC_COX2_CTG3_1:g.54461978G>T	Q14943.172	G	T	missense_variant	79	G/V	-	-	YES
NC_000002.12:g.15427731C>G	A2RRP1.124	C	G	missense_variant	801	W/C	-	-	YES
NC_000015.10:g.41095773C>T	Q9ULG1.175	C	T	missense_variant	100	G/E	-	-	YES
NC_000015.10:g.85743793A>G	Q12802.194	A	G	missense_variant	2787	K/R	-	6.573e-06	YES
NC_000010.11:g.87965431C>T	P60484.207	C	T	missense_variant	391	P/S	uncertain_significance	-	YES
NC_000005.10:g.31484953C>A	Q9NRR4.193	C	A	missense_variant	642	V/L	-	1.314e-05	YES
NC_000019.10:g.8973596G>C	Q8WXI7.145	G	C	missense_variant	2515	P/A	-	-	YES
NC_000008.11:g.132572413C>T	Q86X45.160	C	T	missense_variant	432	V/I	-	1.314e-05	YES
NC_000016.10:g.75612735C>T	Q9BUB4.139	C	T	missense_variant	184	R/K	-	-	YES
CHR_HSCHR17_4_CTG4:g.41041249C>T	Q07627.143	C	T	missense_variant	92	G/R	-	-	YES
NC_000019.10:g.50625196C>T	Q9BQG1.177	C	T	missense_variant	558	R/H	-	-	YES
NC_000021.9:g.41452824C>G	P20591.202	C	G	missense_variant	571	D/E	-	-	YES
NC_000005.10:g.138253330G>C	O60609.171	G	C	missense_variant	357	S/C	-	-	YES
NC_000005.10:g.141477648C>A	Q9UN70.177	C	A	missense_variant	511	T/K	-	6.572e-06	YES
NC_000010.11:g.5730489G>T	-	G	T	missense_variant,splice_region_variant	164	V/L	-	1.315e-05	YES
NC_000013.11:g.20061113A>G	Q9UBW7.195	A	G	missense_variant	934	I/V	-	-	YES
NC_000002.12:g.70960076G>A	P15313.220	G	A	missense_variant,splice_region_variant	195	E/K	-	1.971e-05	YES
CHR_HG2046_PATCH:g.7392913C>T	Q9NRY6.182	C	T	missense_variant	183	V/M	-	-	YES
NC_000011.10:g.75425437A>T	Q6PF15.140	A	T	missense_variant	444	F/I	-	-	YES
NC_000005.10:g.37230984C>T	-	C	T	missense_variant	335	R/H	-	3.286e-05	YES
NC_000002.12:g.158621116G>A	Q99569.191	G	A	missense_variant	136	S/N	-	-	YES
NC_000006.12:g.20402579C>T	O00716.198	C	T	missense_variant	116	P/L	benign	0.00629	YES
NC_000022.11:g.17827670G>A	Q7RTP6.183	G	A	missense_variant	1056	P/L	-	0.0001249	YES
NC_000007.14:g.100095790G>C	P33993.226	G	C	missense_variant	527	R/G	-	-	YES
NC_000014.9:g.64743101T>C	A1L390.123	T	C	missense_variant	1020	S/P	-	-	YES
NC_000019.10:g.40366673G>T	Q8IV08.159	G	T	missense_variant	31	A/S	-	6.572e-06	YES
CHR_HSCHR6_MHC_COX_CTG1:g.30575820T>C	Q8NE71.183	T	C	missense_variant	567	S/P	-	-	YES
NC_000002.12:g.233719259G>A	P22310.210	G	A	missense_variant	147	D/N	-	-	YES
NC_000001.11:g.203219720C>T	Q13231.201	C	T	missense_variant	287	G/R	-	-	YES
NC_000005.10:g.69365241G>T	Q16594.209	G	T	missense_variant	166	T/N	-	-	YES
NC_000010.11:g.73794564C>A	-	C	A	missense_variant	945	P/T	-	6.571e-06	YES
NC_000008.11:g.2109433G>A	P54296.176	G	A	missense_variant	1028	D/N	-	-	YES
NC_000009.12:g.37424931G>A	Q9UBQ7.192	G	A	missense_variant	57	C/Y	-	6.571e-06	YES
NC_000013.11:g.19668410T>G	Q99549.177	T	G	missense_variant	736	D/E	-	-	YES
CHR_HSCHR6_MHC_COX_CTG1:g.33211481G>C	O15212.175	G	C	missense_variant	7	K/N	-	-	YES
NC_000018.10:g.62558769A>T	Q9C0B9.156	A	T	missense_variant,splice_region_variant	497	E/D	-	6.568e-06	YES
NC_000017.11:g.42021662C>T	Q9NYR9.162	C	T	missense_variant	29	H/Y	-	-	YES
NC_000009.12:g.19094366C>T	Q7Z4H7.150	C	T	missense_variant	85	S/N	-	6.586e-06	YES
NC_000009.12:g.14737581C>T	Q5H8C1.162	C	T	missense_variant	2119	V/M	-	-	YES
NC_000016.10:g.68563295T>A	Q8TF47.172	T	A	missense_variant	170	L/M	-	1.972e-05	YES
NC_000001.11:g.206836732G>A	Q9UHD0.176	G	A	missense_variant	24	G/S	-	1.973e-05	YES
NC_000001.11:g.86125357G>A	Q17RW2.137	G	A	missense_variant	327	L/F	-	0.0001644	YES
NC_000002.12:g.26944738G>C	Q9BPU6.182	G	C	missense_variant	508	G/A	-	-	YES
NC_000006.12:g.10955164A>G	Q5T4T6.118	A	G	missense_variant	668	E/G	-	-	YES
NC_000016.10:g.48562330C>A	O75113.152	C	A	missense_variant	105	D/Y	-	-	YES
NC_000006.12:g.63646765G>A	Q92576.176	G	A	missense_variant	72	D/N	-	-	YES
NC_000012.12:g.10014573C>T	Q2HXU8.127	C	T	missense_variant	81	L/F	-	-	YES
NC_000015.10:g.45139556G>T	Q9NRD9.172	G	T	missense_variant	449	R/L	-	-	YES
NC_000002.12:g.17816673C>T	A6NI15.119	C	T	missense_variant	52	S/L	-	2.627e-05	YES
NC_000006.12:g.111300054T>C	O60673.190	T	C	missense_variant	3119	K/E	-	-	YES
NC_000001.11:g.75797116C>G	O15457.170	C	G	missense_variant	44	S/W	-	-	YES
NC_000015.10:g.68350653C>T	Q9UKX5.192	C	T	missense_variant	342	V/I	-	-	YES
NC_000009.12:g.114301111C>T	Q8IZC6.170	C	T	missense_variant	1581	P/S	-	6.568e-06	YES
NC_000015.10:g.29105514A>G	Q99767.185	A	G	missense_variant	554	N/D	-	6.574e-06	YES
NC_000010.11:g.68148447C>T	Q86TC9.155	C	T	missense_variant	409	R/C	uncertain_significance	1.314e-05	YES
NC_000020.11:g.35556974T>C	Q9Y282.157	T	C	missense_variant,splice_region_variant	294	V/A	-	-	YES
NC_000007.14:g.92097710G>A	Q99996.208	G	A	missense_variant	3508	C/Y	uncertain_significance	1.314e-05	YES
NC_000005.10:g.148123881T>C	Q9NQ38.196	T	C	missense_variant	863	C/R	-	-	YES
NC_000007.14:g.102438988C>A	Q96SN7.139	C	A	missense_variant	11	P/H	-	1.315e-05	YES
NC_000007.14:g.87188245C>T	Q9Y222.173	C	T	missense_variant	452	A/V	-	-	YES
CHR_HSCHR1_1_CTG3:g.2496669C>T	O75038.177	C	T	missense_variant	633	T/I	-	-	YES
NC_000001.11:g.28621976C>A	Q16514.214	C	A	missense_variant	36	A/S	-	-	YES
NC_000001.11:g.76868627A>C	Q9BVH7.162	A	C	missense_variant	49	Q/P	-	6.573e-06	YES
NC_000001.11:g.153302487G>A	Q96LB9.157	G	A	missense_variant	217	S/F	-	-	YES
NC_000005.10:g.151803910G>T	Q13283.220	G	T	missense_variant	407	R/L	-	-	YES
NC_000014.9:g.21391514C>A	Q9HCK8.202	C	A	missense_variant	2338	E/D	-	-	YES
NC_000014.9:g.52750705G>C	Q8WUJ0.153	G	C	missense_variant	56	G/A	-	9.887e-05	YES
NC_000016.10:g.56870164G>A	P55017.201	G	A	missense_variant	224	A/T	-	1.971e-05	YES
CHR_HSCHR6_MHC_COX_CTG1:g.31624878G>T	P48634.185	G	T	missense_variant	2120	W/C	-	-	YES
NC_000007.14:g.138918312C>T	Q9HCM3.134	C	T	missense_variant	438	M/I	uncertain_significance	-	YES
NC_000009.12:g.123097819A>G	Q9Y3P9.174	A	G	missense_variant	903	R/G	-	-	YES
NC_000016.10:g.28866419G>A	Q9NRF2.167	G	A	missense_variant	109	E/K	-	-	YES
NC_000023.11:g.101292908G>T	Q5H9L4.132	G	T	missense_variant	46	S/R	-	-	-
CHR_HSCHR7_2_CTG6:g.143022600A>G	P23276.209	A	G	missense_variant	57	L/P	-	-	YES
NC_000017.11:g.6770697G>A	Q6GPH4.137	G	A	missense_variant	188	E/K	-	0.01534	YES
NC_000005.10:g.123595085A>G	-	A	G	missense_variant	379	H/R	-	-	YES
NC_000019.10:g.804170A>G	P26599.238	A	G	missense_variant	84	K/E	-	-	YES
NC_000002.12:g.150487270C>T	P61587.164	C	T	missense_variant,splice_region_variant	50	E/K	-	-	YES
NC_000001.11:g.46285803G>A	Q15345.187	G	A	missense_variant	352	P/S	-	-	YES
NC_000011.10:g.22227408A>G	Q75V66.147	A	G	missense_variant	157	D/G	-	6.58e-06	YES
NC_000010.11:g.17823450C>A	P22897.232	C	A	missense_variant	146	D/E	-	-	YES
NC_000021.9:g.39406517T>A	O95447.140	T	A	missense_variant	460	I/F	-	-	YES
NC_000023.11:g.74591871C>T	Q9NVW2.189	C	T	missense_variant	482	G/S	-	1.793e-05	YES
NC_000007.14:g.128811819A>G	Q96JN2.135	A	G	missense_variant	683	E/G	-	0.0005456	YES
CHR_HSCHR6_MHC_QBL_CTG1:g.33224906G>C	O15211.183	G	C	missense_variant	240	L/V	-	-	YES
NC_000021.9:g.37165743C>T	-	C	T	missense_variant	1177	R/W	-	1.317e-05	YES
NC_000001.11:g.109280444C>G	Q6PGN9.138	C	G	missense_variant	317	R/P	-	-	YES
NC_000001.11:g.160371041A>G	Q02575.175	A	G	missense_variant	104	T/A	-	-	YES
NC_000017.11:g.12992982C>T	Q9BQ52.186	C	T	missense_variant	773	G/S	-	-	YES
NC_000004.12:g.94618144C>T	Q96HC4.191	C	T	missense_variant	354	S/F	-	-	YES
NC_000021.9:g.42863577T>C	P57081.174	T	C	missense_variant	106	T/A	-	6.593e-06	YES
NC_000020.11:g.20369281G>C	Q01101.180	G	C	missense_variant	338	E/D	-	-	YES
NC_000006.12:g.116120818G>C	Q03692.207	G	C	missense_variant	433	P/R	-	6.573e-06	YES
NC_000003.12:g.12505194A>G	Q8NCE0.160	A	G	missense_variant	291	Y/C	uncertain_significance	0.0001972	YES
NC_000005.10:g.148826932T>G	P07550.241	T	G	missense_variant	34	V/G	-	-	YES
NC_000007.14:g.100960232C>G	Q02505.157	C	G	missense_variant	2818	S/C	-	-	YES
NC_000005.10:g.33576977G>A	P58397.195	G	A	missense_variant	1017	P/S	-	-	YES
NC_000017.11:g.47599724G>A	P55786.199	G	A	missense_variant	529	G/S	-	-	YES
NC_000012.12:g.8058766T>C	Q16581.194	T	C	missense_variant	474	I/V	-	1.971e-05	YES
NC_000006.12:g.145804992T>C	Q8TB52.167	T	C	missense_variant	472	T/A	-	6.571e-06	YES
NC_000019.10:g.50506411G>A	Q8TAC2.139	G	A	missense_variant	145	A/V	-	0.0002104	YES
NC_000007.14:g.47369401C>G	Q68CZ2.151	C	G	missense_variant	415	R/S	-	-	YES
NC_000016.10:g.30070180G>A	P04075.248	G	A	missense_variant	409	E/K	-	1.314e-05	YES
NC_000020.11:g.49270854T>C	Q9P2E3.166	T	C	missense_variant	320	T/A	-	6.582e-06	YES
NC_000012.12:g.15524825C>G	Q16827.200	C	G	missense_variant	635	P/A	-	6.572e-06	YES
NC_000020.11:g.45335848C>T	P31431.214	C	T	missense_variant	45	D/N	-	1.972e-05	YES
NC_000010.11:g.69168527G>A	O75436.189	G	A	missense_variant	256	D/N	-	-	YES
NC_000004.12:g.108064359T>C	Q9UJU2.203	T	C	missense_variant	381	E/G	-	3.286e-05	YES
NC_000018.10:g.8069811T>C	P28827.221	T	C	missense_variant	420	C/R	-	-	YES
NC_000011.10:g.108267180A>C	Q13315.252	A	C	missense_variant	826	I/L	conflicting_interpretations_of_pathogenicity,uncertain_significance	4.599e-05	YES
NC_000019.10:g.36514527G>T	Q3ZCT1.139	G	T	missense_variant	238	H/N	-	-	YES
NC_000007.14:g.93134771G>A	Q8IVG5.137	G	A	missense_variant	401	L/F	-	1.315e-05	YES
NC_000011.10:g.69773399C>T	P08620.196	C	T	missense_variant	177	M/I	-	-	YES
NC_000005.10:g.172935245G>A	Q969X5.157	G	A	missense_variant	234	D/N	-	6.573e-06	YES
CHR_HG1_PATCH:g.24329979C>G	Q8NFM4.173	C	G	missense_variant	366	R/P	-	-	YES
NC_000002.12:g.200818046C>G	Q7L1Q6.153	C	G	missense_variant	204	A/G	-	-	YES
NC_000018.10:g.79696035G>T	Q9Y5B0.201	G	T	missense_variant	153	V/L	-	6.569e-06	YES
NC_000023.11:g.100844071C>T	Q9Y5S8.188	C	T	missense_variant	526	V/M	-	8.912e-06	YES
NC_000001.11:g.161191171G>C	O75173.210	G	C	missense_variant	827	I/M	-	-	YES
NC_000004.12:g.99428170G>T	-	G	T	missense_variant	88	D/E	-	6.578e-06	YES
NC_000019.10:g.49154433G>T	P23327.165	G	T	missense_variant	269	Q/K	-	-	YES
NC_000008.11:g.67484701C>A	Q8N4T0.173	C	A	missense_variant	242	G/V	uncertain_significance	7.889e-05	YES
NC_000022.11:g.46386506C>T	-	C	T	missense_variant	2212	G/D	-	-	YES
NC_000015.10:g.39976523T>G	Q9P2K8.185	T	G	missense_variant	643	L/R	pathogenic	6.568e-06	YES
NC_000005.10:g.224372T>C	P31040.233	T	C	missense_variant	55	Y/H	benign,likely_benign	0.0007618	YES
NC_000005.10:g.149007044C>T	Q8TF17.171	C	T	missense_variant	1171	R/H	uncertain_significance	6.574e-06	YES
NC_000001.11:g.176594944G>T	Q9BXP8.177	G	T	missense_variant	447	G/V	-	-	YES
NC_000010.11:g.1010498A>G	Q9BZE4.196	A	G	missense_variant	441	Y/C	-	-	YES